<?xml version="1.0" encoding="utf-8" ?>
<dwsync>
<file name="page.png" server="C:/wamp/www/Heart Disease Diagnosis/" local="129951088920000000" remote="129951088920000000" />
<file name="beat.gif" server="C:/wamp/www/Heart Disease Diagnosis/" local="129997530170852000" remote="129997530170000000" />
<file name="object369268148.png" server="C:/wamp/www/Heart Disease Diagnosis/" local="129982656960000000" remote="129982656960000000" />
<file name="header.jpg" server="C:/wamp/www/Heart Disease Diagnosis/" local="129982670460000000" remote="129982670460000000" />
<file name="menuitem.png" server="C:/wamp/www/Heart Disease Diagnosis/" local="129951088920000000" remote="129951088920000000" />
<file name="menuactiveitem.png" server="C:/wamp/www/Heart Disease Diagnosis/" local="129951088920000000" remote="129951088920000000" />
<file name="menuhovereditem.png" server="C:/wamp/www/Heart Disease Diagnosis/" local="129951088920000000" remote="129951088920000000" />
<file name="spacer.gif" server="C:/wamp/www/Heart Disease Diagnosis/" local="129951088920000000" remote="129951088920000000" />
<file name="blockbullets.png" server="C:/wamp/www/Heart Disease Diagnosis/" local="129951088920000000" remote="129951088920000000" />
<file name="postpdficon.png" server="C:/wamp/www/Heart Disease Diagnosis/" local="129951088920000000" remote="129951088920000000" />
<file name="postprinticon.png" server="C:/wamp/www/Heart Disease Diagnosis/" local="129951088920000000" remote="129951088920000000" />
<file name="postemailicon.png" server="C:/wamp/www/Heart Disease Diagnosis/" local="129951088920000000" remote="129951088920000000" />
<file name="postbullets.png" server="C:/wamp/www/Heart Disease Diagnosis/" local="129951088920000000" remote="129951088920000000" />
<file name="postquote.png" server="C:/wamp/www/Heart Disease Diagnosis/" local="129951088920000000" remote="129951088920000000" />
<file name="footer.png" server="C:/wamp/www/Heart Disease Diagnosis/" local="129951088920000000" remote="129951088920000000" />
<file name="preloader-01.gif" server="C:/wamp/www/Heart Disease Diagnosis/" local="129951088920000000" remote="129951088920000000" />
<file name="beatm.gif" server="C:/wamp/www/Heart Disease Diagnosis/" local="129978147280000000" remote="129978147280000000" />
</dwsync>