<?xml version="1.0" encoding="utf-8" ?>
<dwsync>
<file name="style.css" server="C:/wamp/www/Heart Disease Diagnosis/" local="129982679460000000" remote="129982679460000000" />
<file name="style.responsive.css" server="C:/wamp/www/Heart Disease Diagnosis/" local="129951088920000000" remote="129951088920000000" />
<file name="jquery.js" server="C:/wamp/www/Heart Disease Diagnosis/" local="129951088920000000" remote="129951088920000000" />
<file name="script.js" server="C:/wamp/www/Heart Disease Diagnosis/" local="129951088920000000" remote="129951088920000000" />
<file name="script.responsive.js" server="C:/wamp/www/Heart Disease Diagnosis/" local="129951088920000000" remote="129951088920000000" />
<file name="log.JPG" server="C:/wamp/www/Heart Disease Diagnosis/" local="129982724420000000" remote="129982724420000000" />
<file name="index.php" server="C:/wamp/www/Heart Disease Diagnosis/" local="129997555096324000" remote="129997555090000000" />
<file name="changepassword.php" server="C:/wamp/www/Heart Disease Diagnosis/" local="129985132683746000" remote="129985132680000000" />
<file name="pass.php" server="C:/wamp/www/Heart Disease Diagnosis/" local="129985130117432000" remote="129985130110000000" />
<file name="member_tested.php" server="C:/wamp/www/Heart Disease Diagnosis/" local="129985127938490000" remote="129985127930000000" />
<file name="member_d_result.php" server="C:/wamp/www/Heart Disease Diagnosis/" local="129997546649222000" remote="129997546640000000" />
<file name="member_d_pro.php" server="C:/wamp/www/Heart Disease Diagnosis/" local="129997546676452000" remote="129997546670000000" />
<file name="member.php" server="C:/wamp/www/Heart Disease Diagnosis/" local="129997554840614000" remote="129997554840000000" />
<file name="Structure.php" server="C:/wamp/www/Heart Disease Diagnosis/" local="129993532691364000" remote="129993532690000000" />
<file name="Symptom.php" server="C:/wamp/www/Heart Disease Diagnosis/" local="129993537714024000" remote="129993537710000000" />
<file name="successfully.php" server="C:/wamp/www/Heart Disease Diagnosis/" local="129997546506662000" remote="129997546500000000" />
<file name="admin.php" server="C:/wamp/www/Heart Disease Diagnosis/" local="129997546754812000" remote="129997546750000000" />
<file name="adminlogin.php" server="C:/wamp/www/Heart Disease Diagnosis/" local="129993539622954000" remote="129993539620000000" />
<file name="contact.php" server="C:/wamp/www/Heart Disease Diagnosis/" local="129997554933054000" remote="129997554930000000" />
<file name="Functions.php" server="C:/wamp/www/Heart Disease Diagnosis/" local="129993533953904000" remote="129993533950000000" />
<file name="Diseases.php" server="C:/wamp/www/Heart Disease Diagnosis/" local="129993534803124000" remote="129993534800000000" />
<file name="Risk.php" server="C:/wamp/www/Heart Disease Diagnosis/" local="129993535760304000" remote="129993535760000000" />
<file name="Diagnosis.php" server="C:/wamp/www/Heart Disease Diagnosis/" local="129993538430554000" remote="129993538430000000" />
<file name="userlogin.php" server="C:/wamp/www/Heart Disease Diagnosis/" local="129993540026734000" remote="129993540020000000" />
<file name="member_pro.php" server="C:/wamp/www/Heart Disease Diagnosis/" local="129995977984242581" remote="129995977980000000" />
<file name="History.php" server="C:/wamp/www/Heart Disease Diagnosis/" local="129997546731112000" remote="129997546730000000" />
<file name="index.html" server="C:/wamp/www/Heart Disease Diagnosis/" local="129997546726542000" remote="129997546720000000" />
</dwsync>